Metric,Value
MAE,0.002693206268203309
MAPE (%),0.8463066218274151
RMSE,0.003685245445397617
Correlation,0.9999823980500071
