Metric,Value
MAE,1.0416748190287264
MAPE (%),21.294416390303695
RMSE,1.926293440370755
Correlation,0.9923463059553631
