{
    "num_layers": 5,
    "units_per_layer": [
        284,
        119,
        472,
        465,
        29
    ],
    "l2_reg": 0.00013508685192953603,
    "l1_reg": 1.2467647024680672e-06,
    "learning_rate": 0.0008578506658962066,
    "beta_1": 0.8751359336399083,
    "beta_2": 0.927866586982126,
    "epsilon": 1.2812288745682345e-08,
    "clipnorm": 1.1052222914905858,
    "dropout_rate": 0.1824906124854416,
    "Momentum": 0.8796981021286974,
    "Epsilon": 1.5923356971004282e-06,
    "hidden_noise_stddev": 0.036659783446586866,
    "output_noise_stddev": 0.05835083724466894
}