Metric,Value
MAE,0.0034766656408927133
MAPE,3.8024602047106817
RMSE,0.004627708928629372
Correlation,0.9999466222697612
