{
    "loss": [
        0.0040188804268836975,
        0.0013568440917879343,
        0.0009768197778612375,
        0.0009657790651544929,
        0.001167618203908205,
        0.0011409864528104663,
        0.0007400953327305615,
        0.0006745703285560012,
        0.0007002462516538799,
        0.0006622329819947481
    ],
    "mae": [
        0.03135998919606209,
        0.022558266296982765,
        0.020901959389448166,
        0.020809350535273552,
        0.022280875593423843,
        0.021901477128267288,
        0.019244424998760223,
        0.018873073160648346,
        0.019160736352205276,
        0.01866816356778145
    ],
    "val_loss": [
        0.0011705930810421705,
        0.0011645308695733547,
        0.0026840013451874256,
        0.0017683383775874972,
        0.0015745570417493582,
        0.0018528620712459087,
        0.0019409034866839647,
        0.0011712276609614491,
        0.0012953166151419282,
        0.001338811474852264
    ],
    "val_mae": [
        0.014872686937451363,
        0.025312384590506554,
        0.0464584119617939,
        0.031083056703209877,
        0.030407557263970375,
        0.033198241144418716,
        0.03569985181093216,
        0.026004038751125336,
        0.028416099026799202,
        0.028426263481378555
    ],
    "learning_rate": [
        0.003421036060899496,
        0.003421036060899496,
        0.003421036060899496,
        0.003421036060899496,
        0.003421036060899496,
        0.003421036060899496,
        0.001710518030449748,
        0.001710518030449748,
        0.001710518030449748,
        0.001710518030449748
    ]
}