{
    "loss": [
        0.36410996317863464,
        0.010150621645152569,
        0.0055580297484993935,
        0.0036637831944972277,
        0.007584686856716871,
        0.004406199790537357,
        0.004589594900608063,
        0.0015776267973706126,
        0.002309957519173622,
        0.0030335676856338978,
        0.0013469199184328318,
        0.0005139238783158362,
        0.0005217554862610996,
        0.0005263692582957447,
        0.000430749001679942,
        0.0005140575813129544,
        0.0003570810076780617,
        0.0003443701716605574,
        0.000325159722706303,
        0.0002719884505495429,
        0.00025284301955252886,
        0.0002489117905497551,
        0.00015989920939318836,
        0.0001582631521159783,
        0.0001455623423680663,
        0.00014848758291918784,
        0.00013675038644578308,
        0.00012986712681595236,
        0.00013253501674626023,
        0.00012488610809668899,
        0.00011891144094988704,
        0.00011887668370036408,
        0.00011975202505709603,
        0.0001181794359581545,
        0.00011444631672929972,
        9.313297050539404e-05,
        9.50881585595198e-05,
        8.876048377715051e-05,
        8.672884723637253e-05,
        8.717238233657554e-05
    ],
    "mae": [
        0.022745059803128242,
        0.02021438628435135,
        0.020967939868569374,
        0.021536273881793022,
        0.02117365598678589,
        0.02012028358876705,
        0.019683972001075745,
        0.018722962588071823,
        0.018164554610848427,
        0.017818721011281013,
        0.015182151459157467,
        0.014297332614660263,
        0.013761680573225021,
        0.013258635066449642,
        0.01204629335552454,
        0.012523594312369823,
        0.011315707117319107,
        0.01043957844376564,
        0.010549364611506462,
        0.00997023656964302,
        0.00955870095640421,
        0.009330008178949356,
        0.007530423812568188,
        0.007738532032817602,
        0.007438433822244406,
        0.007419274188578129,
        0.007179467007517815,
        0.006976914592087269,
        0.007112425751984119,
        0.006887845229357481,
        0.006761983968317509,
        0.006763685029000044,
        0.006796502973884344,
        0.006761023309081793,
        0.006630748510360718,
        0.005868351552635431,
        0.00606566434726119,
        0.005854757037013769,
        0.005830017849802971,
        0.005818877834826708
    ],
    "val_loss": [
        0.0357547402381897,
        0.24946846067905426,
        0.03808724507689476,
        0.02861221879720688,
        0.015595704317092896,
        0.026695741340517998,
        0.03332569822669029,
        0.05011006072163582,
        0.024093812331557274,
        0.050745099782943726,
        0.016365783289074898,
        0.0053346543572843075,
        0.02183140069246292,
        0.02946843020617962,
        0.01508770789951086,
        0.022659743204712868,
        0.002736144931986928,
        0.008397896774113178,
        0.011335986666381359,
        0.01764659956097603,
        0.005373832769691944,
        0.009709915146231651,
        0.01800544559955597,
        0.006898962892591953,
        0.0006669691065326333,
        0.009485929273068905,
        0.021898241713643074,
        0.0009079950395971537,
        0.005700346548110247,
        0.0004022426437586546,
        0.0339273102581501,
        0.019957954064011574,
        0.001536919386126101,
        0.0020044082775712013,
        0.007461770437657833,
        0.012589139863848686,
        0.012327071279287338,
        0.002137379487976432,
        0.002630300121381879,
        0.003553313435986638
    ],
    "val_mae": [
        0.036865800619125366,
        0.4352053999900818,
        0.16624067723751068,
        0.14275124669075012,
        0.10364571958780289,
        0.13690903782844543,
        0.1561315506696701,
        0.13644880056381226,
        0.12677954137325287,
        0.17724724113941193,
        0.09519448131322861,
        0.05700703710317612,
        0.11433206498622894,
        0.14534048736095428,
        0.09411294013261795,
        0.11739480495452881,
        0.04785461351275444,
        0.0654960423707962,
        0.0885571762919426,
        0.1098468154668808,
        0.05507292225956917,
        0.0682297796010971,
        0.09888293594121933,
        0.06294037401676178,
        0.020651917904615402,
        0.07862753421068192,
        0.11007845401763916,
        0.025028828531503677,
        0.0598074272274971,
        0.014395064674317837,
        0.13138984143733978,
        0.10785391926765442,
        0.029761802405118942,
        0.03413353115320206,
        0.07210025191307068,
        0.08748038858175278,
        0.09619003534317017,
        0.04089146852493286,
        0.04721555858850479,
        0.049971193075180054
    ],
    "learning_rate": [
        0.0011980000417679548,
        0.0013960000360384583,
        0.0015940000303089619,
        0.0017920000245794654,
        0.001990000018849969,
        0.001990000018849969,
        0.001990000018849969,
        0.001990000018849969,
        0.001990000018849969,
        0.000895500008482486,
        0.000895500008482486,
        0.000895500008482486,
        0.000895500008482486,
        0.000895500008482486,
        0.000895500008482486,
        0.000895500008482486,
        0.000895500008482486,
        0.000895500008482486,
        0.000895500008482486,
        0.0008059500250965357,
        0.0008059500250965357,
        0.00040297501254826784,
        0.00040297501254826784,
        0.00040297501254826784,
        0.00040297501254826784,
        0.00040297501254826784,
        0.00040297501254826784,
        0.00040297501254826784,
        0.00040297501254826784,
        0.0003626774996519089,
        0.0003626774996519089,
        0.0003626774996519089,
        0.0003626774996519089,
        0.0003626774996519089,
        0.00018133874982595444,
        0.00018133874982595444,
        0.00018133874982595444,
        0.00018133874982595444,
        0.00018133874982595444,
        8.160244033206254e-05
    ]
}