{
    "initial_filters": 64,
    "filters": 64,
    "global_units": 64,
    "classifier_units": 16,
    "reg_units": 64,
    "temperature": 3.9501376019791365,
    "learning_rate": 0.001310514697073826,
    "batch_size": 256,
    "num_residual_blocks": 5,
    "dropout_rate": 0.12762746541731895,
    "class_weight": 0.474710036336644,
    "threshold": 1.2756398282095025
}