Metric,Value
MAE,0.00020793874135897824
MAPE (%),0.14903279756888718
RMSE,0.0002946521536365278
Correlation,0.9999996480117648
