Epoch,Learning Rate,Training Loss,Validation Loss,Loss Difference
1,9.999999747378752e-05,0.247712641954422,0.24573296308517456,0.0019796788692474365
2,9.999999747378752e-05,0.24541470408439636,0.24573716521263123,-0.0003224611282348633
3,9.999999747378752e-05,0.24544860422611237,0.24570107460021973,-0.00025247037410736084
4,9.999999747378752e-05,0.24544118344783783,0.2457360178232193,-0.0002948343753814697
5,9.999999747378752e-05,0.245431050658226,0.24593423306941986,-0.0005031824111938477
