{
    "num_layers": 6,
    "units_per_layer": [
        382,
        229,
        419,
        240,
        348,
        319
    ],
    "l2_reg": 0.003963613382785346,
    "l1_reg": 0.00036888257357467534,
    "learning_rate": 0.00032789294763335003,
    "beta_1": 0.8617279793833946,
    "beta_2": 0.9604866276447124,
    "epsilon": 1.0591467478809114e-07,
    "clipnorm": 1.214578355007797,
    "dropout_rate": 0.3610440210273541,
    "Momentum": 0.9050154259048697,
    "Epsilon": 0.00018284158389002362,
    "hidden_noise_stddev": 0.06857669348021521,
    "output_noise_stddev": 0.038342250064974014,
    "alpha": 9.887049586145547,
    "beta": 7.54257950235383,
    "gamma": 7.100548723781849
}