{
    "loss": [
        0.13566026091575623,
        0.0025699958205223083,
        0.00047392447595484555,
        0.0002768506237771362,
        0.0002147431659977883,
        0.00016429061361122876,
        0.0001285138278035447,
        0.00010341373854316771,
        8.960138802649453e-05,
        7.642185664735734e-05,
        6.529965321533382e-05,
        5.8388970501255244e-05,
        5.233867705101147e-05,
        5.362812225939706e-05,
        3.3270091080339625e-05,
        2.8713562642224133e-05,
        2.5813498723437078e-05,
        2.3835094907553867e-05,
        2.2620375602855347e-05,
        1.7794163795770146e-05,
        1.7401398508809507e-05,
        1.6831547327456065e-05,
        1.6391421013395302e-05,
        1.589478415553458e-05,
        1.4221269339032006e-05,
        1.4031412320036907e-05,
        1.3691093954548705e-05,
        1.3411575309874024e-05,
        1.3175605090509634e-05,
        1.2498321666498668e-05,
        1.2382643944874872e-05,
        1.2254432476765942e-05,
        1.2151943337812554e-05,
        1.2030981451971456e-05,
        1.1699654351104982e-05,
        1.1641770470305346e-05
    ],
    "mae": [
        0.027064191177487373,
        0.013906643725931644,
        0.010640423744916916,
        0.008806638419628143,
        0.007821421138942242,
        0.006719856057316065,
        0.0059195468202233315,
        0.005258046090602875,
        0.00487316632643342,
        0.004425723105669022,
        0.004109415225684643,
        0.0038739917799830437,
        0.0036664640065282583,
        0.0036754629109054804,
        0.0026011071167886257,
        0.002581216162070632,
        0.0024700541980564594,
        0.002390052191913128,
        0.0023348368704319,
        0.0018937551649287343,
        0.0019315342651680112,
        0.0019225209252908826,
        0.0019074281444773078,
        0.0018931288504973054,
        0.0017168474150821567,
        0.0017304341308772564,
        0.0017155554378405213,
        0.0017035264754667878,
        0.0016966110561043024,
        0.0016173588810488582,
        0.0016215778887271881,
        0.0016199883539229631,
        0.001616934547200799,
        0.0016100218053907156,
        0.0015699178911745548,
        0.0015727628488093615
    ],
    "val_loss": [
        0.008062517270445824,
        0.0019501704955473542,
        0.0003220865619368851,
        0.0002402697573415935,
        0.0003377965185791254,
        0.00023182031873147935,
        0.00019854861602652818,
        0.00012207705003675073,
        6.877506530145183e-05,
        7.952732994453982e-05,
        0.00011267342779319733,
        4.98679764859844e-05,
        0.00010464059596415609,
        3.991082121501677e-05,
        0.00011269539390923455,
        2.885956382669974e-05,
        4.098825593246147e-05,
        2.7122046958538704e-05,
        2.8079342882847413e-05,
        1.854184847616125e-05,
        1.714579229883384e-05,
        1.8563296180218458e-05,
        1.6667925592628308e-05,
        2.0248904547770508e-05,
        1.6995438272715546e-05,
        1.616913141333498e-05,
        1.642771348997485e-05,
        1.4382953850144986e-05,
        1.742386848491151e-05,
        1.5659950804547407e-05,
        1.2737772522086743e-05,
        1.4231722161639482e-05,
        1.2997753401577938e-05,
        1.3260580999485683e-05,
        1.3929921806266066e-05,
        1.315767349296948e-05
    ],
    "val_mae": [
        0.005964064970612526,
        0.03490368649363518,
        0.011027032509446144,
        0.010175550356507301,
        0.013967783190310001,
        0.010845314711332321,
        0.010818643495440483,
        0.006991053465753794,
        0.003978327382355928,
        0.005617029964923859,
        0.0074417488649487495,
        0.0037853047251701355,
        0.007985015399754047,
        0.0028587200213223696,
        0.00859930831938982,
        0.0025004076305776834,
        0.003962656017392874,
        0.002699689008295536,
        0.0029881189111620188,
        0.0020344399381428957,
        0.001946418546140194,
        0.0020463757682591677,
        0.0018779193051159382,
        0.002275761216878891,
        0.002235360210761428,
        0.002013837918639183,
        0.0019343163585290313,
        0.0017823252128437161,
        0.002161209238693118,
        0.001937639550305903,
        0.0016462920466437936,
        0.0018188871908932924,
        0.0016984113026410341,
        0.001751225907355547,
        0.0018000113777816296,
        0.0017244251212105155
    ],
    "learning_rate": [
        0.0002557125990279019,
        0.0002557125990279019,
        0.0002557125990279019,
        0.0002557125990279019,
        0.0002557125990279019,
        0.0002557125990279019,
        0.0002557125990279019,
        0.0002557125990279019,
        0.0002557125990279019,
        0.0002557125990279019,
        0.0002557125990279019,
        0.0002557125990279019,
        0.0002557125990279019,
        0.0002557125990279019,
        0.00012785629951395094,
        0.00012785629951395094,
        0.00012785629951395094,
        0.00012785629951395094,
        0.00012785629951395094,
        6.392814975697547e-05,
        6.392814975697547e-05,
        6.392814975697547e-05,
        6.392814975697547e-05,
        6.392814975697547e-05,
        3.1964074878487736e-05,
        3.1964074878487736e-05,
        3.1964074878487736e-05,
        3.1964074878487736e-05,
        3.1964074878487736e-05,
        1.5982037439243868e-05,
        1.5982037439243868e-05,
        1.5982037439243868e-05,
        1.5982037439243868e-05,
        1.5982037439243868e-05,
        7.991018719621934e-06,
        7.991018719621934e-06
    ]
}