Metric,Value
MAE,0.0010603294093562156
MAPE,0.5247181230707112
RMSE,0.0020780517874330108
Correlation,0.9999830556862009
