Metric,Value
MAE,1.0097233057022095
MAPE (%),346.8895568847656
RMSE,1.8241711854934692
Correlation,0.9927937961506637
