Metric,Value
MAE,0.028281044214963913
MAPE (%),1733.8974609375
RMSE,0.03596985340118408
Correlation,0.9747184852824798
