Metric,Value
MAE,0.3001016656199433
MAPE,344.11240376869705
RMSE,0.43302822250699663
Correlation,0.9631241349561533
