epoch,learning_rate,loss,mae,rmse,val_loss,val_mae,val_rmse
0,2e-05,0.11754283473932498,0.27866924461817616,0.33462533027205843,0.08717694286866212,0.24972915491712866,0.2884563168547786
1,8.000000000000001e-06,0.0874538976708885,0.25010716875898986,0.28885457157702854,0.08713803767664864,0.24972512836167868,0.28845052500587726
2,4.800000000000001e-06,0.08737017659983155,0.25010802681315863,0.2888538719730351,0.0870650535253251,0.24972328185203754,0.2884481246882126
3,3.8400000000000005e-06,0.08725241680474341,0.25010593425327665,0.2888518776418869,0.08692447976646445,0.24972249117484205,0.28844716023675737
4,3.8400000000000005e-06,0.08706368078646372,0.25010670511400773,0.2888521093680294,0.08670551996495716,0.2497221964221643,0.2884468038180284
