Metric,Value
MAE,1.3463970059472967
MAPE,9.10036756616802
RMSE,2.422928922535583
Correlation,0.994151662560684
