{
    "num_layers": 1,
    "units_0": 512,
    "activation_0": "hard_swish",
    "dropout_0": 0.7000000000000001,
    "l2_reg": 5.3923589620112675e-06,
    "optimizer": "nadam",
    "learning_rate": 0.0014578368484285998,
    "units_1": 32,
    "activation_1": "swish",
    "dropout_1": 0.8,
    "units_2": 32,
    "activation_2": "swish",
    "dropout_2": 0.5,
    "units_3": 64,
    "activation_3": "hard_swish",
    "dropout_3": 0.8
}