{
    "loss": [
        0.05706409737467766,
        0.005976549349725246,
        0.004802203271538019,
        0.003338363952934742,
        0.002322365529835224,
        0.0018386412411928177,
        0.001620850758627057,
        0.001457476639188826,
        0.0014016928616911173,
        0.0012963243061676621,
        0.0013015486765652895,
        0.0012720766244456172,
        0.0012537384172901511
    ],
    "mae": [
        0.0822448581457138,
        0.032672323286533356,
        0.035418033599853516,
        0.03460510075092316,
        0.03304663673043251,
        0.03090576082468033,
        0.02889583446085453,
        0.027296001091599464,
        0.027153972536325455,
        0.026139605790376663,
        0.026316219940781593,
        0.026179902255535126,
        0.025924237444996834
    ],
    "val_loss": [
        0.004898006562143564,
        0.0038339942693710327,
        0.0021869796328246593,
        0.0012001482537016273,
        0.0006519845919683576,
        0.0021337836515158415,
        0.000917911936994642,
        0.0003791294584516436,
        0.0010295064421370625,
        0.0017514002975076437,
        0.0006418276461772621,
        0.0012370168697088957,
        0.0018894620006904006
    ],
    "val_mae": [
        0.006648174952715635,
        0.01531810313463211,
        0.011765926145017147,
        0.017360864207148552,
        0.015328796580433846,
        0.037737712264060974,
        0.02035032957792282,
        0.011293216608464718,
        0.024199657142162323,
        0.03383592888712883,
        0.016357073560357094,
        0.031278472393751144,
        0.038964979350566864
    ],
    "learning_rate": [
        0.0014578368281945586,
        0.0014578368281945586,
        0.0014578368281945586,
        0.0014578368281945586,
        0.0014578368281945586,
        0.0014578368281945586,
        0.0014578368281945586,
        0.0014578368281945586,
        0.0014578368281945586,
        0.0014578368281945586,
        0.0014578368281945586,
        0.0014578368281945586,
        0.0014578368281945586
    ]
}