Metric,Value
MAE,0.00021406520303029984
MAPE,0.16538311915691462
RMSE,0.0003037907787540226
Correlation,0.9999996240669891
