{
    "num_layers": 2,
    "units_per_layer": [
        64,
        32
    ],
    "dropout_rate": 0.1258857511916927,
    "l2_reg": 0.0005939856529072782,
    "learning_rate": 0.00022389901934184101,
    "beta_1": 0.8806617760952344,
    "beta_2": 0.9813262669880317,
    "epsilon": 1.4297744486029387e-08,
    "clipnorm": 1.1200108605961323,
    "batch_size": 64
}