Metric,Value
MAE,0.0009138284949585795
MAPE,0.7221575975418091
RMSE,0.001167450798675418
Correlation,0.9999220869605988
