{
    "loss": [
        1.000490490774619,
        1.0000001333395228,
        1.0000002811131727,
        1.0000005248589297,
        1.0000008886898677,
        1.000001359321567,
        1.0000000100400868,
        1.0000000110484364
    ],
    "scaled_mae": [
        0.44983496446649635,
        0.4498330951544236,
        0.4498389903567654,
        0.44983980208658836,
        0.44983864711586985,
        0.4498328858683185,
        0.449833536370769,
        0.44985029719806024
    ],
    "val_loss": [
        1.000000106736341,
        1.0000001923732562,
        1.0000004009913048,
        1.0000006579075427,
        1.000001093625352,
        1.0000016221461774,
        1.0,
        1.000000050213368
    ],
    "val_scaled_mae": [
        0.45111234802116607,
        0.4511139073277874,
        0.4511112874510801,
        0.4511157034255932,
        0.451114265846686,
        0.45111362176344333,
        0.4511141463078907,
        0.4511141463078907
    ],
    "learning_rate": [
        0.01,
        0.01,
        0.01,
        0.01,
        0.01,
        0.01,
        0.005,
        0.005
    ]
}