Epoch,Learning Rate,Training Loss,Validation Loss,Loss Difference
1,9.999999747378752e-05,0.8869866132736206,0.2868462800979614,0.6001403331756592
2,9.999999747378752e-05,0.5467975735664368,0.2265453189611435,0.3202522546052933
3,9.999999747378752e-05,0.4417233467102051,0.22164258360862732,0.22008076310157776
4,9.999999747378752e-05,0.3865596055984497,0.21915768086910248,0.16740192472934723
5,9.999999747378752e-05,0.34315770864486694,0.21358835697174072,0.12956935167312622
