Metric,Value
MAE,1.1224130392074585
MAPE (%),218.81033325195312
RMSE,2.0664260387420654
Correlation,0.9908719148500191
