Metric,Value
MAE,0.18797757839588963
MAPE (%),1.680024398416439
RMSE,0.2501649709420176
Correlation,0.9999747139847791
