Metric,Value
MAE,0.19283993543017244
MAPE,1.8185079160135804
RMSE,0.2565509895330043
Correlation,0.9999733661637861
