Metric,Value
MAE,0.1928399174883526
MAPE (%),1.818507878361532
RMSE,0.2565509825097044
Correlation,0.9999733661653177
