{
    "loss": [
        134632.765625,
        1444.498291015625,
        232.2208709716797,
        126.9764404296875,
        113.06888580322266,
        96.1756591796875,
        71.77117156982422,
        55.54336166381836,
        53.149635314941406,
        46.099605560302734,
        46.9169921875,
        37.92925262451172,
        34.50305938720703,
        22.015277862548828,
        21.517566680908203,
        19.350893020629883,
        19.99286460876465,
        20.17816734313965
    ],
    "mae": [
        328.6031494140625,
        25.48527717590332,
        11.618011474609375,
        8.520561218261719,
        7.94952917098999,
        7.325404644012451,
        6.3672590255737305,
        5.526729583740234,
        5.421370983123779,
        5.024349212646484,
        4.988944053649902,
        4.5059895515441895,
        4.253554344177246,
        3.248971700668335,
        3.1851119995117188,
        3.0081374645233154,
        3.100339651107788,
        3.116607666015625
    ],
    "val_loss": [
        13714.2607421875,
        760.4631958007812,
        239.6541290283203,
        736.759765625,
        414.4388427734375,
        343.1645812988281,
        37.69511032104492,
        16.752052307128906,
        96.97679901123047,
        144.76792907714844,
        66.82857513427734,
        136.43362426757812,
        135.80027770996094,
        40.725589752197266,
        39.005863189697266,
        65.67676544189453,
        41.5008430480957,
        58.84813690185547
    ],
    "val_mae": [
        111.46119689941406,
        24.32789421081543,
        14.889763832092285,
        25.024877548217773,
        16.89912223815918,
        16.015480041503906,
        5.159598350524902,
        3.0455901622772217,
        8.878910064697266,
        9.643380165100098,
        7.212949752807617,
        9.383851051330566,
        9.554996490478516,
        5.134139537811279,
        5.11137056350708,
        6.619572162628174,
        5.611410617828369,
        6.349130630493164
    ],
    "learning_rate": [
        0.0011980000417679548,
        0.0013960000360384583,
        0.0015940000303089619,
        0.0017920000245794654,
        0.001990000018849969,
        0.001990000018849969,
        0.001990000018849969,
        0.001990000018849969,
        0.001990000018849969,
        0.001791000016964972,
        0.001791000016964972,
        0.001791000016964972,
        0.000895500008482486,
        0.000895500008482486,
        0.000895500008482486,
        0.000895500008482486,
        0.000895500008482486,
        0.000447750004241243
    ]
}