{
    "num_layers": 6,
    "units_per_layer": [
        345,
        304,
        180,
        193,
        194,
        206
    ],
    "l2_reg": 0.00013155392120992208,
    "learning_rate": 4.764410982221031e-05,
    "beta_1": 0.807653575943161,
    "beta_2": 0.9068730506567267,
    "epsilon": 7.873362855290248e-07,
    "clipnorm": 0.19746107192010465,
    "dropout_rate": 0.16584211561001308,
    "input_dropout_rate": 0.4541613915109437,
    "initial_units": 989,
    "l2_reg_1": 3.8231001728428944e-05,
    "Momentum": 0.8715209602150665,
    "Epsilon": 1.5407399008841084e-05
}