,U,Cknob,eta,Cstray
U,0.00015020836247013313,-3.86124716530289e-09,0.0,-9.704522733616122e-16
Cknob,-3.86124716530289e-09,1.6739753370007135e-13,0.0,1.562713593007332e-20
eta,0.0,0.0,0.0,0.0
Cstray,-9.704522733616122e-16,1.562713593007332e-20,0.0,1.1550651580644539e-26
