EventNum,Polarization,Area,CalConst,Baseline,QMeterNum,QMeterName,MagCurrent,EIPFreq,HPFreq,uWaveFreq,uWavePower,FMAmplitude,FMOffset,ScanSweeps,ScanSteps,ScanFreq,RFFreq,RFMod,RFPower,YaleGain,DCLevel,He3Press,He3Temp,He4Temp,He4Press,SepFlow,MainFlow,MagLevel,RFVolts,LN2Level,VacPress,Comment,TopChip,BottomChip,CarbonGlass,Collector
1716585589,,,-6.122900E+0,0,7,CH7,,,,,,,,500,500,15287,213.000,400,275,0,,0.000000,0.000000,1.334928,1.460000,20.670000,4.150000,,,,,,,,,
1716585643,,,-6.122900E+0,0,7,CH7,,,,,,,,5000,500,15287,213.000,400,275,0,,0.000000,0.000000,1.335385,1.464000,20.620000,4.220000,,,,,,,,,
1716586194,,,-6.122900E+0,0,7,CH7,,,,,,,,5000,500,15287,213.000,400,275,0,,0.000000,0.000000,1.336180,1.471000,20.660000,4.230000,,,,,,,,,
1716586521,,,-6.122900E+0,0,7,CH7,,,,,,,,5000,500,15287,213.000,400,275,0,,0.000000,0.000000,1.340431,1.509000,20.660000,4.440000,,,,,,,,,
