Metric,Value
MAE,0.18567813076430653
MAPE (%),1.6063360311385915
RMSE,0.24814204291028644
Correlation,0.999975183401089
