Metric,Value
MAE,0.07349614652504477
MAPE,75.69704497583996
RMSE,0.08493567663509835
Correlation,0.9913258638138911
