{
    "num_layers": 1,
    "units_0": 1024,
    "activation_0": "hard_swish",
    "dropout_0": 0.5,
    "l2_reg": 1.1764725054888117e-06,
    "optimizer": "adam",
    "learning_rate": 0.0034210360161459597,
    "units_1": 128,
    "activation_1": "swish",
    "dropout_1": 0.30000000000000004,
    "units_2": 128,
    "activation_2": "hard_swish",
    "dropout_2": 0.5,
    "units_3": 32,
    "activation_3": "relu6",
    "dropout_3": 0.30000000000000004,
    "units_4": 64,
    "activation_4": "hard_swish",
    "dropout_4": 0.2,
    "units_5": 256,
    "activation_5": "swish",
    "dropout_5": 0.8,
    "units_6": 32,
    "activation_6": "relu6",
    "dropout_6": 0.8,
    "units_7": 1024,
    "activation_7": "hard_swish",
    "dropout_7": 0.30000000000000004,
    "units_8": 512,
    "activation_8": "swish",
    "dropout_8": 0.4,
    "units_9": 512,
    "activation_9": "swish",
    "dropout_9": 0.30000000000000004
}