{
    "num_layers": 6,
    "units_per_layer": [
        256,
        64,
        256,
        64,
        32,
        256
    ],
    "l2_reg": 0.02050892655971019,
    "learning_rate": 5.015174093713017e-05,
    "beta_1": 0.9476337039915428,
    "beta_2": 0.9322474292673796,
    "epsilon": 3.468930266467448e-07,
    "clipnorm": 1.34196013582096
}