Metric,Value
MAE,0.005252397619187832
MAPE,10.208598136901855
RMSE,0.01512766070663929
Correlation,
