epoch;loss;mae;mse;val_loss;val_mae;val_mse
0;0.04372255131602287;0.25045424699783325;0.08990972489118576;0.040035612881183624;0.2449645698070526;0.08007122576236725
1;0.04058122634887695;0.24613621830940247;0.0811624526977539;0.040581706911325455;0.24605031311511993;0.08116341382265091
2;0.04067936912178993;0.24626639485359192;0.08135873824357986;0.042966727167367935;0.25096258521080017;0.08593345433473587
