Metric,Value
MAE,0.3368245244128595
MAPE,329.75072169266105
RMSE,0.3835948156862858
Correlation,-0.0009139375572379131
